-- phpMyAdmin SQL Dump
-- version 5.1.1
-- https://www.phpmyadmin.net/
--
-- Host: 127.0.0.1
-- Generation Time: Jun 28, 2024 at 05:06 AM
-- Server version: 10.4.22-MariaDB
-- PHP Version: 8.1.1

SET SQL_MODE = "NO_AUTO_VALUE_ON_ZERO";
START TRANSACTION;
SET time_zone = "+00:00";


/*!40101 SET @OLD_CHARACTER_SET_CLIENT=@@CHARACTER_SET_CLIENT */;
/*!40101 SET @OLD_CHARACTER_SET_RESULTS=@@CHARACTER_SET_RESULTS */;
/*!40101 SET @OLD_COLLATION_CONNECTION=@@COLLATION_CONNECTION */;
/*!40101 SET NAMES utf8mb4 */;

--
-- Database: `spk_fuzzy_tahani_ci_3`
--

-- --------------------------------------------------------

--
-- Table structure for table `appraisal`
--

CREATE TABLE `appraisal` (
  `id_appraisal` int(10) NOT NULL,
  `id_karyawan` int(10) NOT NULL,
  `tgl_pengisian` date NOT NULL,
  `progress` text NOT NULL,
  `development` text NOT NULL,
  `strongest_perform` text NOT NULL,
  `giving_feedback` text NOT NULL,
  `assistance` text NOT NULL,
  `main_strength` text NOT NULL,
  `tobe_improved` text NOT NULL,
  `training_course` text NOT NULL,
  `comment` text NOT NULL
) ENGINE=InnoDB DEFAULT CHARSET=utf8mb4;

--
-- Dumping data for table `appraisal`
--

INSERT INTO `appraisal` (`id_appraisal`, `id_karyawan`, `tgl_pengisian`, `progress`, `development`, `strongest_perform`, `giving_feedback`, `assistance`, `main_strength`, `tobe_improved`, `training_course`, `comment`) VALUES
(1, 1, '0000-00-00', 'cvv', 'df', 'fd', 'df', 'fd', 'fd', 'fd', 'fd', ''),
(2, 2, '2024-06-01', 'cv', 'gf', 'gfg', 'gfd', 'dg', 'dg', 'gdf', 'gdf', '');

-- --------------------------------------------------------

--
-- Table structure for table `departemen`
--

CREATE TABLE `departemen` (
  `id_departemen` int(10) NOT NULL,
  `nama_departemen` varchar(100) NOT NULL
) ENGINE=InnoDB DEFAULT CHARSET=utf8mb4;

--
-- Dumping data for table `departemen`
--

INSERT INTO `departemen` (`id_departemen`, `nama_departemen`) VALUES
(1, 'Admin & General'),
(2, 'Engineering'),
(3, 'Food and Beverage Product'),
(4, 'Food and Beverage Service'),
(5, 'Front Office'),
(6, 'Housekeeping'),
(7, 'Human Capital'),
(8, 'Sales and Marketing');

-- --------------------------------------------------------

--
-- Table structure for table `hasil`
--

CREATE TABLE `hasil` (
  `id_hasil` int(11) NOT NULL,
  `id_karyawan` int(11) NOT NULL,
  `id_kriteria` int(11) NOT NULL,
  `id_subkriteria_fuzzy` int(11) NOT NULL,
  `f` float NOT NULL
) ENGINE=InnoDB DEFAULT CHARSET=latin1;

--
-- Dumping data for table `hasil`
--

INSERT INTO `hasil` (`id_hasil`, `id_karyawan`, `id_kriteria`, `id_subkriteria_fuzzy`, `f`) VALUES
(1, 1, 1, 5, 0),
(2, 1, 2, 173, 0),
(3, 1, 3, 178, 0),
(4, 1, 4, 183, 0),
(5, 1, 5, 188, 0),
(6, 1, 6, 193, 1),
(7, 1, 7, 198, 0),
(8, 1, 8, 203, 0),
(9, 1, 9, 208, 0),
(10, 1, 10, 214, 0),
(11, 1, 11, 219, 0),
(12, 1, 12, 224, 0),
(13, 1, 13, 229, 0),
(14, 1, 14, 234, 0),
(15, 1, 15, 239, 0),
(16, 2, 1, 5, 0),
(17, 2, 2, 173, 0),
(18, 2, 3, 178, 0),
(19, 2, 4, 183, 0),
(20, 2, 5, 188, 0),
(21, 2, 6, 193, 0),
(22, 2, 7, 198, 0),
(23, 2, 8, 203, 0),
(24, 2, 9, 208, 0),
(25, 2, 10, 214, 0),
(26, 2, 11, 219, 0),
(27, 2, 12, 224, 0),
(28, 2, 13, 229, 0),
(29, 2, 14, 234, 0),
(30, 2, 15, 239, 0),
(31, 3, 1, 5, 0),
(32, 3, 2, 173, 0),
(33, 3, 3, 178, 0),
(34, 3, 4, 183, 0),
(35, 3, 5, 188, 0),
(36, 3, 6, 193, 0),
(37, 3, 7, 198, 0),
(38, 3, 8, 203, 0),
(39, 3, 9, 208, 0),
(40, 3, 10, 214, 0),
(41, 3, 11, 219, 0),
(42, 3, 12, 224, 0),
(43, 3, 13, 229, 0),
(44, 3, 14, 234, 0),
(45, 3, 15, 239, 0),
(46, 4, 1, 5, 0),
(47, 4, 2, 173, 0),
(48, 4, 3, 178, 0),
(49, 4, 4, 183, 0),
(50, 4, 5, 188, 0),
(51, 4, 6, 193, 0),
(52, 4, 7, 198, 0),
(53, 4, 8, 203, 0),
(54, 4, 9, 208, 0),
(55, 4, 10, 214, 0),
(56, 4, 11, 219, 0),
(57, 4, 12, 224, 0),
(58, 4, 13, 229, 0),
(59, 4, 14, 234, 0),
(60, 4, 15, 239, 0),
(61, 5, 1, 5, 0),
(62, 5, 2, 173, 0),
(63, 5, 3, 178, 0),
(64, 5, 4, 183, 0),
(65, 5, 5, 188, 0),
(66, 5, 6, 193, 0),
(67, 5, 7, 198, 0),
(68, 5, 8, 203, 0),
(69, 5, 9, 208, 0),
(70, 5, 10, 214, 0),
(71, 5, 11, 219, 0),
(72, 5, 12, 224, 0),
(73, 5, 13, 229, 0),
(74, 5, 14, 234, 0),
(75, 5, 15, 239, 0),
(76, 6, 1, 5, 0),
(77, 6, 2, 173, 0),
(78, 6, 3, 178, 0),
(79, 6, 4, 183, 0),
(80, 6, 5, 188, 0),
(81, 6, 6, 193, 0),
(82, 6, 7, 198, 0),
(83, 6, 8, 203, 0),
(84, 6, 9, 208, 0),
(85, 6, 10, 214, 0),
(86, 6, 11, 219, 0),
(87, 6, 12, 224, 0),
(88, 6, 13, 229, 0),
(89, 6, 14, 234, 0),
(90, 6, 15, 239, 0),
(91, 7, 1, 5, 0),
(92, 7, 2, 173, 0),
(93, 7, 3, 178, 0),
(94, 7, 4, 183, 0),
(95, 7, 5, 188, 0),
(96, 7, 6, 193, 0),
(97, 7, 7, 198, 0),
(98, 7, 8, 203, 0),
(99, 7, 9, 208, 0),
(100, 7, 10, 214, 0),
(101, 7, 11, 219, 0),
(102, 7, 12, 224, 0),
(103, 7, 13, 229, 0),
(104, 7, 14, 234, 0),
(105, 7, 15, 239, 0),
(106, 8, 1, 5, 0),
(107, 8, 2, 173, 0),
(108, 8, 3, 178, 0),
(109, 8, 4, 183, 0),
(110, 8, 5, 188, 0),
(111, 8, 6, 193, 0),
(112, 8, 7, 198, 0),
(113, 8, 8, 203, 0),
(114, 8, 9, 208, 0),
(115, 8, 10, 214, 0),
(116, 8, 11, 219, 0),
(117, 8, 12, 224, 0),
(118, 8, 13, 229, 0),
(119, 8, 14, 234, 0),
(120, 8, 15, 239, 0),
(121, 9, 1, 5, 0),
(122, 9, 2, 173, 0),
(123, 9, 3, 178, 0),
(124, 9, 4, 183, 0),
(125, 9, 5, 188, 0),
(126, 9, 6, 193, 0),
(127, 9, 7, 198, 0),
(128, 9, 8, 203, 0),
(129, 9, 9, 208, 0),
(130, 9, 10, 214, 0),
(131, 9, 11, 219, 0),
(132, 9, 12, 224, 0),
(133, 9, 13, 229, 0),
(134, 9, 14, 234, 0),
(135, 9, 15, 239, 0),
(136, 10, 1, 5, 0),
(137, 10, 2, 173, 0),
(138, 10, 3, 178, 0),
(139, 10, 4, 183, 0),
(140, 10, 5, 188, 0),
(141, 10, 6, 193, 0),
(142, 10, 7, 198, 0),
(143, 10, 8, 203, 0),
(144, 10, 9, 208, 0),
(145, 10, 10, 214, 0),
(146, 10, 11, 219, 0),
(147, 10, 12, 224, 0),
(148, 10, 13, 229, 0),
(149, 10, 14, 234, 0),
(150, 10, 15, 239, 0),
(151, 11, 1, 5, 0),
(152, 11, 2, 173, 0),
(153, 11, 3, 178, 0),
(154, 11, 4, 183, 0),
(155, 11, 5, 188, 0),
(156, 11, 6, 193, 0),
(157, 11, 7, 198, 0),
(158, 11, 8, 203, 0),
(159, 11, 9, 208, 0),
(160, 11, 10, 214, 0),
(161, 11, 11, 219, 0),
(162, 11, 12, 224, 0),
(163, 11, 13, 229, 0),
(164, 11, 14, 234, 0),
(165, 11, 15, 239, 0),
(166, 12, 1, 5, 0),
(167, 12, 2, 173, 0),
(168, 12, 3, 178, 0),
(169, 12, 4, 183, 0),
(170, 12, 5, 188, 0),
(171, 12, 6, 193, 0),
(172, 12, 7, 198, 0),
(173, 12, 8, 203, 0),
(174, 12, 9, 208, 0),
(175, 12, 10, 214, 0),
(176, 12, 11, 219, 0),
(177, 12, 12, 224, 0),
(178, 12, 13, 229, 0),
(179, 12, 14, 234, 0),
(180, 12, 15, 239, 0),
(181, 13, 1, 5, 0),
(182, 13, 2, 173, 0),
(183, 13, 3, 178, 0),
(184, 13, 4, 183, 0),
(185, 13, 5, 188, 0),
(186, 13, 6, 193, 0),
(187, 13, 7, 198, 0),
(188, 13, 8, 203, 0),
(189, 13, 9, 208, 0),
(190, 13, 10, 214, 0),
(191, 13, 11, 219, 1),
(192, 13, 12, 224, 0),
(193, 13, 13, 229, 0),
(194, 13, 14, 234, 0),
(195, 13, 15, 239, 0),
(196, 14, 1, 5, 0),
(197, 14, 2, 173, 0),
(198, 14, 3, 178, 0),
(199, 14, 4, 183, 0),
(200, 14, 5, 188, 0),
(201, 14, 6, 193, 0),
(202, 14, 7, 198, 0),
(203, 14, 8, 203, 0),
(204, 14, 9, 208, 0),
(205, 14, 10, 214, 0),
(206, 14, 11, 219, 0),
(207, 14, 12, 224, 0),
(208, 14, 13, 229, 0),
(209, 14, 14, 234, 0),
(210, 14, 15, 239, 0),
(211, 15, 1, 5, 0),
(212, 15, 2, 173, 0),
(213, 15, 3, 178, 0),
(214, 15, 4, 183, 0),
(215, 15, 5, 188, 0),
(216, 15, 6, 193, 0),
(217, 15, 7, 198, 0),
(218, 15, 8, 203, 0),
(219, 15, 9, 208, 0),
(220, 15, 10, 214, 0),
(221, 15, 11, 219, 0),
(222, 15, 12, 224, 0),
(223, 15, 13, 229, 0),
(224, 15, 14, 234, 0),
(225, 15, 15, 239, 0),
(226, 16, 1, 5, 0),
(227, 16, 2, 173, 0),
(228, 16, 3, 178, 0),
(229, 16, 4, 183, 0),
(230, 16, 5, 188, 0),
(231, 16, 6, 193, 0),
(232, 16, 7, 198, 0),
(233, 16, 8, 203, 0),
(234, 16, 9, 208, 0),
(235, 16, 10, 214, 0),
(236, 16, 11, 219, 0),
(237, 16, 12, 224, 0),
(238, 16, 13, 229, 0),
(239, 16, 14, 234, 0),
(240, 16, 15, 239, 0),
(241, 17, 1, 5, 0),
(242, 17, 2, 173, 0),
(243, 17, 3, 178, 0),
(244, 17, 4, 183, 0),
(245, 17, 5, 188, 0),
(246, 17, 6, 193, 0),
(247, 17, 7, 198, 0),
(248, 17, 8, 203, 0),
(249, 17, 9, 208, 0),
(250, 17, 10, 214, 0),
(251, 17, 11, 219, 0),
(252, 17, 12, 224, 0),
(253, 17, 13, 229, 0),
(254, 17, 14, 234, 0),
(255, 17, 15, 239, 0),
(256, 18, 1, 5, 0),
(257, 18, 2, 173, 0),
(258, 18, 3, 178, 0),
(259, 18, 4, 183, 0),
(260, 18, 5, 188, 0),
(261, 18, 6, 193, 0),
(262, 18, 7, 198, 0),
(263, 18, 8, 203, 0),
(264, 18, 9, 208, 0),
(265, 18, 10, 214, 0),
(266, 18, 11, 219, 0),
(267, 18, 12, 224, 0),
(268, 18, 13, 229, 0),
(269, 18, 14, 234, 0),
(270, 18, 15, 239, 0),
(271, 19, 1, 5, 0),
(272, 19, 2, 173, 0),
(273, 19, 3, 178, 0),
(274, 19, 4, 183, 0),
(275, 19, 5, 188, 0),
(276, 19, 6, 193, 0),
(277, 19, 7, 198, 0),
(278, 19, 8, 203, 0),
(279, 19, 9, 208, 0),
(280, 19, 10, 214, 0),
(281, 19, 11, 219, 0),
(282, 19, 12, 224, 0),
(283, 19, 13, 229, 0),
(284, 19, 14, 234, 0),
(285, 19, 15, 239, 0),
(286, 20, 1, 5, 0),
(287, 20, 2, 173, 0),
(288, 20, 3, 178, 0),
(289, 20, 4, 183, 0),
(290, 20, 5, 188, 0),
(291, 20, 6, 193, 0),
(292, 20, 7, 198, 0),
(293, 20, 8, 203, 0),
(294, 20, 9, 208, 0),
(295, 20, 10, 214, 0),
(296, 20, 11, 219, 0),
(297, 20, 12, 224, 0),
(298, 20, 13, 229, 0),
(299, 20, 14, 234, 0),
(300, 20, 15, 239, 0),
(301, 21, 1, 5, 0),
(302, 21, 2, 173, 0),
(303, 21, 3, 178, 0),
(304, 21, 4, 183, 0),
(305, 21, 5, 188, 0),
(306, 21, 6, 193, 0),
(307, 21, 7, 198, 0),
(308, 21, 8, 203, 0),
(309, 21, 9, 208, 0),
(310, 21, 10, 214, 0),
(311, 21, 11, 219, 0),
(312, 21, 12, 224, 0),
(313, 21, 13, 229, 0),
(314, 21, 14, 234, 0),
(315, 21, 15, 239, 0),
(316, 22, 1, 5, 1),
(317, 22, 2, 173, 0),
(318, 22, 3, 178, 0),
(319, 22, 4, 183, 0),
(320, 22, 5, 188, 1),
(321, 22, 6, 193, 0),
(322, 22, 7, 198, 0),
(323, 22, 8, 203, 0),
(324, 22, 9, 208, 0),
(325, 22, 10, 214, 0),
(326, 22, 11, 219, 0),
(327, 22, 12, 224, 1),
(328, 22, 13, 229, 0),
(329, 22, 14, 234, 0),
(330, 22, 15, 239, 0),
(331, 23, 1, 5, 1),
(332, 23, 2, 173, 0),
(333, 23, 3, 178, 0),
(334, 23, 4, 183, 0),
(335, 23, 5, 188, 0),
(336, 23, 6, 193, 0),
(337, 23, 7, 198, 1),
(338, 23, 8, 203, 0),
(339, 23, 9, 208, 0),
(340, 23, 10, 214, 0),
(341, 23, 11, 219, 0),
(342, 23, 12, 224, 0),
(343, 23, 13, 229, 0),
(344, 23, 14, 234, 0),
(345, 23, 15, 239, 0),
(346, 24, 1, 5, 1),
(347, 24, 2, 173, 1),
(348, 24, 3, 178, 0),
(349, 24, 4, 183, 1),
(350, 24, 5, 188, 1),
(351, 24, 6, 193, 0),
(352, 24, 7, 198, 0),
(353, 24, 8, 203, 1),
(354, 24, 9, 208, 0),
(355, 24, 10, 214, 1),
(356, 24, 11, 219, 0),
(357, 24, 12, 224, 1),
(358, 24, 13, 229, 0),
(359, 24, 14, 234, 1),
(360, 24, 15, 239, 1),
(361, 25, 1, 5, 1),
(362, 25, 2, 173, 1),
(363, 25, 3, 178, 0),
(364, 25, 4, 183, 0),
(365, 25, 5, 188, 0),
(366, 25, 6, 193, 0),
(367, 25, 7, 198, 0),
(368, 25, 8, 203, 0),
(369, 25, 9, 208, 0),
(370, 25, 10, 214, 0),
(371, 25, 11, 219, 0),
(372, 25, 12, 224, 0),
(373, 25, 13, 229, 0),
(374, 25, 14, 234, 0),
(375, 25, 15, 239, 0),
(376, 26, 1, 5, 0),
(377, 26, 2, 173, 0),
(378, 26, 3, 178, 0),
(379, 26, 4, 183, 0),
(380, 26, 5, 188, 0),
(381, 26, 6, 193, 0),
(382, 26, 7, 198, 0),
(383, 26, 8, 203, 0),
(384, 26, 9, 208, 0),
(385, 26, 10, 214, 0),
(386, 26, 11, 219, 0),
(387, 26, 12, 224, 0),
(388, 26, 13, 229, 0),
(389, 26, 14, 234, 0),
(390, 26, 15, 239, 0),
(391, 27, 1, 5, 1),
(392, 27, 2, 173, 0),
(393, 27, 3, 178, 0),
(394, 27, 4, 183, 0),
(395, 27, 5, 188, 1),
(396, 27, 6, 193, 0),
(397, 27, 7, 198, 0),
(398, 27, 8, 203, 0),
(399, 27, 9, 208, 0),
(400, 27, 10, 214, 0),
(401, 27, 11, 219, 0),
(402, 27, 12, 224, 1),
(403, 27, 13, 229, 0),
(404, 27, 14, 234, 0),
(405, 27, 15, 239, 0),
(406, 28, 1, 5, 0),
(407, 28, 2, 173, 0),
(408, 28, 3, 178, 0),
(409, 28, 4, 183, 0),
(410, 28, 5, 188, 0),
(411, 28, 6, 193, 0),
(412, 28, 7, 198, 0),
(413, 28, 8, 203, 0),
(414, 28, 9, 208, 0),
(415, 28, 10, 214, 0),
(416, 28, 11, 219, 0),
(417, 28, 12, 224, 0),
(418, 28, 13, 229, 0),
(419, 28, 14, 234, 0),
(420, 28, 15, 239, 0),
(421, 29, 1, 5, 0),
(422, 29, 2, 173, 0),
(423, 29, 3, 178, 0),
(424, 29, 4, 183, 0),
(425, 29, 5, 188, 0),
(426, 29, 6, 193, 0),
(427, 29, 7, 198, 0),
(428, 29, 8, 203, 0),
(429, 29, 9, 208, 0),
(430, 29, 10, 214, 0),
(431, 29, 11, 219, 0),
(432, 29, 12, 224, 0),
(433, 29, 13, 229, 0),
(434, 29, 14, 234, 0),
(435, 29, 15, 239, 0),
(436, 30, 1, 5, 0),
(437, 30, 2, 173, 0),
(438, 30, 3, 178, 0),
(439, 30, 4, 183, 0),
(440, 30, 5, 188, 0),
(441, 30, 6, 193, 0),
(442, 30, 7, 198, 0),
(443, 30, 8, 203, 0),
(444, 30, 9, 208, 0),
(445, 30, 10, 214, 0),
(446, 30, 11, 219, 0),
(447, 30, 12, 224, 0),
(448, 30, 13, 229, 0),
(449, 30, 14, 234, 0),
(450, 30, 15, 239, 0),
(451, 31, 1, 5, 0),
(452, 31, 2, 173, 0),
(453, 31, 3, 178, 0),
(454, 31, 4, 183, 0),
(455, 31, 5, 188, 0),
(456, 31, 6, 193, 0),
(457, 31, 7, 198, 0),
(458, 31, 8, 203, 0),
(459, 31, 9, 208, 0),
(460, 31, 10, 214, 0),
(461, 31, 11, 219, 0),
(462, 31, 12, 224, 0),
(463, 31, 13, 229, 0),
(464, 31, 14, 234, 0),
(465, 31, 15, 239, 0),
(466, 32, 1, 5, 0),
(467, 32, 2, 173, 0),
(468, 32, 3, 178, 0),
(469, 32, 4, 183, 0),
(470, 32, 5, 188, 0),
(471, 32, 6, 193, 0),
(472, 32, 7, 198, 0),
(473, 32, 8, 203, 0),
(474, 32, 9, 208, 0),
(475, 32, 10, 214, 0),
(476, 32, 11, 219, 0),
(477, 32, 12, 224, 0),
(478, 32, 13, 229, 0),
(479, 32, 14, 234, 0),
(480, 32, 15, 239, 0),
(481, 33, 1, 5, 0),
(482, 33, 2, 173, 0),
(483, 33, 3, 178, 0),
(484, 33, 4, 183, 0),
(485, 33, 5, 188, 0),
(486, 33, 6, 193, 0),
(487, 33, 7, 198, 0),
(488, 33, 8, 203, 0),
(489, 33, 9, 208, 0),
(490, 33, 10, 214, 0),
(491, 33, 11, 219, 0),
(492, 33, 12, 224, 0),
(493, 33, 13, 229, 0),
(494, 33, 14, 234, 0),
(495, 33, 15, 239, 0),
(496, 34, 1, 5, 0),
(497, 34, 2, 173, 0),
(498, 34, 3, 178, 0),
(499, 34, 4, 183, 1),
(500, 34, 5, 188, 0),
(501, 34, 6, 193, 0),
(502, 34, 7, 198, 0),
(503, 34, 8, 203, 0),
(504, 34, 9, 208, 0),
(505, 34, 10, 214, 0),
(506, 34, 11, 219, 1),
(507, 34, 12, 224, 0),
(508, 34, 13, 229, 0),
(509, 34, 14, 234, 0),
(510, 34, 15, 239, 0),
(511, 35, 1, 5, 0),
(512, 35, 2, 173, 0),
(513, 35, 3, 178, 0),
(514, 35, 4, 183, 0),
(515, 35, 5, 188, 0),
(516, 35, 6, 193, 0),
(517, 35, 7, 198, 0),
(518, 35, 8, 203, 0),
(519, 35, 9, 208, 0),
(520, 35, 10, 214, 0),
(521, 35, 11, 219, 0),
(522, 35, 12, 224, 0),
(523, 35, 13, 229, 0),
(524, 35, 14, 234, 0),
(525, 35, 15, 239, 0),
(526, 36, 1, 5, 0),
(527, 36, 2, 173, 0),
(528, 36, 3, 178, 0),
(529, 36, 4, 183, 0),
(530, 36, 5, 188, 0),
(531, 36, 6, 193, 0),
(532, 36, 7, 198, 0),
(533, 36, 8, 203, 0),
(534, 36, 9, 208, 0),
(535, 36, 10, 214, 0),
(536, 36, 11, 219, 0),
(537, 36, 12, 224, 0),
(538, 36, 13, 229, 0),
(539, 36, 14, 234, 0),
(540, 36, 15, 239, 0),
(541, 37, 1, 5, 0),
(542, 37, 2, 173, 0),
(543, 37, 3, 178, 0),
(544, 37, 4, 183, 0),
(545, 37, 5, 188, 0),
(546, 37, 6, 193, 0),
(547, 37, 7, 198, 0),
(548, 37, 8, 203, 0),
(549, 37, 9, 208, 0),
(550, 37, 10, 214, 0),
(551, 37, 11, 219, 0),
(552, 37, 12, 224, 0),
(553, 37, 13, 229, 0),
(554, 37, 14, 234, 0),
(555, 37, 15, 239, 0),
(556, 38, 1, 5, 0),
(557, 38, 2, 173, 0),
(558, 38, 3, 178, 0),
(559, 38, 4, 183, 0),
(560, 38, 5, 188, 0),
(561, 38, 6, 193, 0),
(562, 38, 7, 198, 0),
(563, 38, 8, 203, 0),
(564, 38, 9, 208, 0),
(565, 38, 10, 214, 0),
(566, 38, 11, 219, 1),
(567, 38, 12, 224, 1),
(568, 38, 13, 229, 0),
(569, 38, 14, 234, 0),
(570, 38, 15, 239, 0),
(571, 39, 1, 5, 0),
(572, 39, 2, 173, 0),
(573, 39, 3, 178, 0),
(574, 39, 4, 183, 0),
(575, 39, 5, 188, 0),
(576, 39, 6, 193, 0),
(577, 39, 7, 198, 0),
(578, 39, 8, 203, 0),
(579, 39, 9, 208, 0),
(580, 39, 10, 214, 0),
(581, 39, 11, 219, 0),
(582, 39, 12, 224, 0),
(583, 39, 13, 229, 0),
(584, 39, 14, 234, 0),
(585, 39, 15, 239, 0),
(586, 40, 1, 5, 0),
(587, 40, 2, 173, 0),
(588, 40, 3, 178, 0),
(589, 40, 4, 183, 0),
(590, 40, 5, 188, 0),
(591, 40, 6, 193, 0),
(592, 40, 7, 198, 0),
(593, 40, 8, 203, 0),
(594, 40, 9, 208, 0),
(595, 40, 10, 214, 0),
(596, 40, 11, 219, 0),
(597, 40, 12, 224, 0),
(598, 40, 13, 229, 0),
(599, 40, 14, 234, 0),
(600, 40, 15, 239, 0),
(601, 41, 1, 5, 0),
(602, 41, 2, 173, 0),
(603, 41, 3, 178, 0),
(604, 41, 4, 183, 0),
(605, 41, 5, 188, 0),
(606, 41, 6, 193, 0),
(607, 41, 7, 198, 0),
(608, 41, 8, 203, 0),
(609, 41, 9, 208, 0),
(610, 41, 10, 214, 0),
(611, 41, 11, 219, 0),
(612, 41, 12, 224, 0),
(613, 41, 13, 229, 0),
(614, 41, 14, 234, 0),
(615, 41, 15, 239, 0),
(616, 42, 1, 5, 0),
(617, 42, 2, 173, 0),
(618, 42, 3, 178, 0),
(619, 42, 4, 183, 0),
(620, 42, 5, 188, 0),
(621, 42, 6, 193, 0),
(622, 42, 7, 198, 0),
(623, 42, 8, 203, 0),
(624, 42, 9, 208, 0),
(625, 42, 10, 214, 0),
(626, 42, 11, 219, 0),
(627, 42, 12, 224, 0),
(628, 42, 13, 229, 0),
(629, 42, 14, 234, 0),
(630, 42, 15, 239, 0),
(631, 43, 1, 5, 0),
(632, 43, 2, 173, 0),
(633, 43, 3, 178, 0),
(634, 43, 4, 183, 0),
(635, 43, 5, 188, 0),
(636, 43, 6, 193, 0),
(637, 43, 7, 198, 0),
(638, 43, 8, 203, 0),
(639, 43, 9, 208, 0),
(640, 43, 10, 214, 0),
(641, 43, 11, 219, 0),
(642, 43, 12, 224, 0),
(643, 43, 13, 229, 0),
(644, 43, 14, 234, 0),
(645, 43, 15, 239, 0),
(646, 44, 1, 5, 0),
(647, 44, 2, 173, 0),
(648, 44, 3, 178, 0),
(649, 44, 4, 183, 0),
(650, 44, 5, 188, 0),
(651, 44, 6, 193, 0),
(652, 44, 7, 198, 0),
(653, 44, 8, 203, 0),
(654, 44, 9, 208, 1),
(655, 44, 10, 214, 0),
(656, 44, 11, 219, 0),
(657, 44, 12, 224, 0),
(658, 44, 13, 229, 0),
(659, 44, 14, 234, 0),
(660, 44, 15, 239, 0),
(661, 45, 1, 5, 0),
(662, 45, 2, 173, 0),
(663, 45, 3, 178, 0),
(664, 45, 4, 183, 0),
(665, 45, 5, 188, 0),
(666, 45, 6, 193, 0),
(667, 45, 7, 198, 0),
(668, 45, 8, 203, 0),
(669, 45, 9, 208, 0),
(670, 45, 10, 214, 0),
(671, 45, 11, 219, 0),
(672, 45, 12, 224, 0),
(673, 45, 13, 229, 0),
(674, 45, 14, 234, 0),
(675, 45, 15, 239, 0);

-- --------------------------------------------------------

--
-- Table structure for table `karyawan`
--

CREATE TABLE `karyawan` (
  `id_karyawan` int(10) NOT NULL,
  `kode_karyawan` varchar(10) NOT NULL,
  `id_departemen` varchar(100) NOT NULL,
  `nama_karyawan` varchar(200) NOT NULL,
  `posisi` varchar(200) NOT NULL,
  `jenis_kelamin` varchar(100) NOT NULL,
  `tgl_gabung` date NOT NULL
) ENGINE=InnoDB DEFAULT CHARSET=utf8mb4;

--
-- Dumping data for table `karyawan`
--

INSERT INTO `karyawan` (`id_karyawan`, `kode_karyawan`, `id_departemen`, `nama_karyawan`, `posisi`, `jenis_kelamin`, `tgl_gabung`) VALUES
(1, 'AG050', '1', 'I Komang Karda', 'FB Cost Control', 'Laki-laki', '2021-06-06'),
(2, 'AG081', '1', 'I Gede Martha Gunawan', 'Receiving & Storekeeper', 'Laki-laki', '2022-06-01'),
(3, 'ENG034', '2', 'I Gede Edi Karuniawan', 'M/E Engineer', 'Laki-laki', '2021-06-15'),
(4, 'ENG057', '2', 'Aji Nugroho', 'Civil Engineer Helper', 'Laki-laki', '2021-07-13'),
(5, 'ENG063', '2', 'I Gusti Putu Ary Sanjaya', 'M/E Engineer Helper', 'Laki-laki', '2021-08-10'),
(6, 'ENG067', '2', 'I Kadek Rama Diastika', 'M/E Engineer Helper', 'Laki-laki', '2021-06-24'),
(7, 'ENG096', '2', 'Gusti Komang Septian Mardiana', 'Gardener', 'Laki-laki', '2018-01-10'),
(8, 'ENG114', '2', 'I Putu Ari Fredyana', 'M/E Engineer Helper', 'Laki-laki', '2021-07-02'),
(9, 'ENG129', '2', 'Ni Komang Yuli Artati Dewi', 'Engineering Admin', 'Perempuan', '2022-05-02'),
(10, 'FBK036', '3', 'Putu Suryadi Putra', 'First Cook', 'Laki-laki', '2021-07-02'),
(11, 'FBK042', '3', 'Komang Hendra Putra', 'Steward', 'Laki-laki', '2021-07-12'),
(12, 'FBK061', '3', 'Agus Hendrawan', 'Demi Chef', 'Laki-laki', '2021-08-01'),
(13, 'FBK097', '3', 'Putu Rai Novita Dewi', 'Pastry First Cook', 'Perempuan', '2017-02-21'),
(14, 'FBK103', '3', 'I Made Mertana', 'Third Cook', 'Laki-laki', '2022-06-01'),
(15, 'FBK104', '3', 'I Nyoman Pendi Hardiana', 'Third Cook', 'Laki-laki', '2022-06-01'),
(16, 'FBS034', '4', 'I Made Pardita', 'Restaurant & Banquet Captain', 'Laki-laki', '2021-08-25'),
(17, 'FBS074', '4', 'I Gusti Ngurah Sujana Putra', 'Restaurant & Banquet Captain', 'Laki-laki', '2021-08-13'),
(18, 'FBS086', '4', 'I Made Sara Winata', 'Restaurant & Banquet Assistant', 'Laki-laki', '2021-08-08'),
(19, 'FBS155', '4', 'Ni Luh Ayu Suciani', 'Restaurant & Banquet Assistant', 'Perempuan', '2022-06-01'),
(20, 'FBS156', '4', 'Sindong', 'Restaurant & Banquet Captain', 'Perempuan', '2022-06-01'),
(21, 'FBS157', '4', 'Ni Wayan Desiani', 'Restaurant & Banquet Captain', 'Perempuan', '2022-06-01'),
(22, 'FO232', '5', 'Sarah Puspa Saputri', 'Guest Relation Officer', 'Perempuan', '2020-03-06'),
(23, 'FO233', '5', 'I Gede Nova Iwantara', 'Guest Service Assistant', 'Laki-laki', '2020-12-01'),
(24, 'FO234', '5', 'Gusti Agung Bagus Juli Artawan', 'Guest Service Assistant', 'Laki-laki', '2020-12-01'),
(25, 'FO235', '5', 'I Putu Surya Wijaya', 'Concierge', 'Laki-laki', '2021-01-01'),
(26, 'FO237', '5', 'I Made Dedi Darmanta', 'Concierge', 'Laki-laki', '2021-11-01'),
(27, 'FO238', '5', 'Ni Wayan Wulan Puspita Sari', 'Guest Service Assistant', 'Perempuan', '2022-02-01'),
(28, 'FO324', '5', 'I Putu Eka Ari Saputra', 'Guest Service Assistant', 'Laki-laki', '2022-05-25'),
(29, 'HK026', '6', 'I Wayan Agus Eka Juniawan', 'Room Asst', 'Laki-laki', '2021-08-01'),
(30, 'HK034', '6', 'I Nyoman SUdiharta', 'Room Asst', 'Laki-laki', '2021-06-03'),
(31, 'HK048', '6', 'I Wayan Yudhi Putra', 'Room Asst', 'Laki-laki', '2021-07-30'),
(32, 'HK052', '6', 'I Made Wijaya Susila', 'Room Asst', 'Laki-laki', '2021-08-19'),
(33, 'HK171', '6', 'I Kadek Agus Rediana', 'Room Asst', 'Laki-laki', '2013-07-16'),
(34, 'HK461', '6', 'Nyoman Suardiana', 'Room Asst', 'Laki-laki', '2020-09-01'),
(35, 'HK463', '6', 'I Wayan Juliarta', 'Room Asst', 'Laki-laki', '2020-10-01'),
(36, 'HK469', '6', 'I Nyoman Galung', 'Room Asst', 'Laki-laki', '2022-04-01'),
(37, 'HR031', '7', 'I Kadek Dharma Wijaya', 'Security', 'Laki-laki', '2020-04-02'),
(38, 'HR032', '7', 'Ahmad Sofi Masruri', 'Security', 'Laki-laki', '2020-04-02'),
(39, 'HR034', '7', 'I Putu Eka Suryantara', 'Security', 'Laki-laki', '2020-04-02'),
(40, 'HR037', '7', 'I Kadek Arsadana', 'Security', 'Laki-laki', '2021-11-01'),
(41, 'HR038', '7', 'I Made Adi Dharma Putra', 'Security', 'Laki-laki', '2022-01-01'),
(42, 'HR039', '7', 'I Wayan Januarta', 'Security', 'Laki-laki', '2022-01-05'),
(43, 'HR040', '7', 'Putu Agus Arnawa', 'Security', 'Laki-laki', '2022-01-08'),
(44, 'HR041', '7', 'I Rai Agus Cahya Permana', 'Security', 'Laki-laki', '2022-02-01'),
(45, 'HR042', '7', 'Khairil Munawar', 'Security', 'Laki-laki', '2022-11-08');

-- --------------------------------------------------------

--
-- Table structure for table `kriteria`
--

CREATE TABLE `kriteria` (
  `id_kriteria` int(11) NOT NULL,
  `nama_kriteria` varchar(100) NOT NULL
) ENGINE=InnoDB DEFAULT CHARSET=latin1;

--
-- Dumping data for table `kriteria`
--

INSERT INTO `kriteria` (`id_kriteria`, `nama_kriteria`) VALUES
(1, 'Job Knowledge'),
(2, 'Quality of Work'),
(3, 'Consistency of Work'),
(4, 'Stability'),
(5, 'Communication'),
(6, 'Diplomacy and Manners'),
(7, 'Judgement'),
(8, 'Salesmanship'),
(9, 'Customer Relations'),
(10, 'Leadership Skills'),
(11, 'Attitude Toward Supervisors'),
(12, 'Attitude Toward Co-Workers'),
(13, 'Initiative'),
(14, 'Attendance'),
(15, 'Punctuality');

-- --------------------------------------------------------

--
-- Table structure for table `nilai`
--

CREATE TABLE `nilai` (
  `id_nilai` int(11) NOT NULL,
  `id_karyawan` int(10) NOT NULL,
  `id_subkriteria_fuzzy` int(10) NOT NULL
) ENGINE=InnoDB DEFAULT CHARSET=latin1;

--
-- Dumping data for table `nilai`
--

INSERT INTO `nilai` (`id_nilai`, `id_karyawan`, `id_subkriteria_fuzzy`) VALUES
(39, 2, 163),
(40, 1, 163),
(41, 1, 1);

-- --------------------------------------------------------

--
-- Table structure for table `penilaian`
--

CREATE TABLE `penilaian` (
  `id_penilaian` int(11) NOT NULL,
  `id_karyawan` int(11) NOT NULL,
  `id_kriteria` int(11) NOT NULL,
  `nilai` float NOT NULL
) ENGINE=InnoDB DEFAULT CHARSET=latin1;

--
-- Dumping data for table `penilaian`
--

INSERT INTO `penilaian` (`id_penilaian`, `id_karyawan`, `id_kriteria`, `nilai`) VALUES
(1, 1, 1, 4),
(2, 1, 2, 4),
(3, 1, 3, 4),
(4, 1, 4, 4),
(5, 1, 5, 4),
(6, 1, 6, 5),
(7, 1, 7, 4),
(8, 1, 8, 4),
(9, 1, 9, 4),
(10, 1, 10, 4),
(11, 1, 11, 4),
(12, 1, 12, 4),
(13, 1, 13, 4),
(14, 1, 14, 4),
(15, 1, 15, 3),
(16, 2, 1, 4),
(17, 2, 2, 4),
(18, 2, 3, 4),
(19, 2, 4, 4),
(20, 2, 5, 4),
(21, 2, 6, 4),
(22, 2, 7, 4),
(23, 2, 8, 4),
(24, 2, 9, 4),
(25, 2, 10, 4),
(26, 2, 11, 4),
(27, 2, 12, 4),
(28, 2, 13, 4),
(29, 2, 14, 4),
(30, 2, 15, 4),
(31, 0, 0, 0),
(32, 3, 2, 4),
(33, 3, 3, 4),
(34, 3, 4, 4),
(35, 3, 5, 3),
(36, 3, 6, 3),
(37, 3, 7, 3),
(38, 3, 8, 3),
(39, 3, 9, 4),
(40, 3, 10, 3),
(41, 3, 11, 4),
(42, 3, 12, 3),
(43, 3, 13, 3),
(44, 3, 14, 3),
(45, 3, 15, 4),
(46, 4, 1, 3),
(47, 4, 2, 3),
(48, 4, 3, 3),
(49, 4, 4, 3),
(50, 4, 5, 4),
(51, 4, 6, 3),
(52, 4, 7, 2),
(53, 4, 8, 2),
(54, 4, 9, 3),
(55, 4, 10, 2),
(56, 4, 11, 3),
(57, 4, 12, 3),
(58, 4, 13, 3),
(59, 4, 14, 4),
(60, 4, 15, 4),
(61, 5, 1, 3),
(62, 5, 2, 4),
(63, 5, 3, 4),
(64, 5, 4, 4),
(65, 5, 5, 4),
(66, 5, 6, 3),
(67, 5, 7, 3),
(68, 5, 8, 3),
(69, 5, 9, 3),
(70, 5, 10, 4),
(71, 5, 11, 4),
(72, 5, 12, 4),
(73, 5, 13, 4),
(74, 5, 14, 4),
(75, 5, 15, 4),
(76, 6, 1, 4),
(77, 6, 2, 4),
(78, 6, 3, 4),
(79, 6, 4, 4),
(80, 6, 5, 4),
(81, 6, 6, 4),
(82, 6, 7, 4),
(83, 6, 8, 3),
(84, 6, 9, 4),
(85, 6, 10, 4),
(86, 6, 11, 4),
(87, 6, 12, 4),
(88, 6, 13, 4),
(89, 6, 14, 4),
(90, 6, 15, 4),
(91, 7, 1, 4),
(92, 7, 2, 4),
(93, 7, 3, 4),
(94, 7, 4, 4),
(95, 7, 5, 4),
(96, 7, 6, 4),
(97, 7, 7, 4),
(98, 7, 8, 3),
(99, 7, 9, 4),
(100, 7, 10, 4),
(101, 7, 11, 4),
(102, 7, 12, 4),
(103, 7, 13, 4),
(104, 7, 14, 4),
(105, 7, 15, 4),
(106, 8, 1, 4),
(107, 8, 2, 4),
(108, 8, 3, 4),
(109, 8, 4, 4),
(110, 8, 5, 4),
(111, 8, 6, 4),
(112, 8, 7, 4),
(113, 8, 8, 4),
(114, 8, 9, 4),
(115, 8, 10, 4),
(116, 8, 11, 4),
(117, 8, 12, 4),
(118, 8, 13, 4),
(119, 8, 14, 4),
(120, 8, 15, 4),
(121, 9, 1, 4),
(122, 9, 2, 3),
(123, 9, 3, 4),
(124, 9, 4, 4),
(125, 9, 5, 4),
(126, 9, 6, 4),
(127, 9, 7, 3),
(128, 9, 8, 3),
(129, 9, 9, 4),
(130, 9, 10, 3),
(131, 9, 11, 4),
(132, 9, 12, 4),
(133, 9, 13, 3),
(134, 9, 14, 4),
(135, 10, 15, 3),
(136, 10, 1, 4),
(137, 10, 2, 4),
(138, 10, 3, 4),
(139, 10, 4, 3),
(140, 10, 5, 4),
(141, 10, 6, 3),
(142, 10, 7, 3),
(143, 10, 8, 4),
(144, 10, 9, 4),
(145, 10, 10, 4),
(146, 10, 11, 4),
(147, 10, 12, 4),
(148, 10, 13, 4),
(149, 10, 14, 4),
(150, 10, 15, 4),
(151, 11, 1, 4),
(152, 11, 2, 4),
(153, 11, 3, 3),
(154, 11, 4, 4),
(155, 11, 5, 4),
(156, 11, 6, 4),
(157, 11, 7, 4),
(158, 11, 8, 3),
(159, 11, 9, 3),
(160, 11, 10, 4),
(161, 11, 11, 4),
(162, 11, 12, 4),
(163, 11, 13, 4),
(164, 11, 14, 4),
(165, 11, 15, 4),
(166, 12, 1, 4),
(167, 12, 2, 4),
(168, 12, 3, 4),
(169, 12, 4, 3),
(170, 12, 5, 4),
(171, 12, 6, 4),
(172, 12, 7, 3),
(173, 12, 8, 4),
(174, 12, 9, 4),
(175, 12, 10, 3),
(176, 12, 11, 4),
(177, 12, 12, 4),
(178, 12, 13, 4),
(179, 12, 14, 4),
(180, 12, 15, 4),
(181, 13, 1, 4),
(182, 13, 2, 4),
(183, 13, 3, 4),
(184, 13, 4, 4),
(185, 13, 5, 4),
(186, 13, 6, 4),
(187, 13, 7, 3),
(188, 13, 8, 3),
(189, 13, 9, 4),
(190, 13, 10, 3),
(191, 13, 11, 5),
(192, 13, 12, 4),
(193, 13, 13, 4),
(194, 13, 14, 4),
(195, 13, 15, 4),
(196, 14, 1, 4),
(197, 14, 2, 4),
(198, 14, 3, 4),
(199, 14, 4, 4),
(200, 14, 5, 4),
(201, 14, 6, 4),
(202, 14, 7, 4),
(203, 14, 8, 3),
(204, 14, 9, 3),
(205, 14, 10, 4),
(206, 14, 11, 4),
(207, 14, 12, 4),
(208, 14, 13, 4),
(209, 14, 14, 4),
(210, 14, 15, 4),
(211, 15, 1, 4),
(212, 15, 2, 4),
(213, 15, 3, 3),
(214, 15, 4, 4),
(215, 15, 5, 4),
(216, 15, 6, 4),
(217, 15, 7, 4),
(218, 15, 8, 3),
(219, 15, 9, 3),
(220, 15, 10, 4),
(221, 15, 11, 4),
(222, 15, 12, 4),
(223, 15, 13, 4),
(224, 15, 14, 4),
(225, 15, 15, 4),
(226, 16, 1, 4),
(227, 16, 2, 4),
(228, 16, 3, 3),
(229, 16, 4, 4),
(230, 16, 5, 3),
(231, 16, 6, 4),
(232, 16, 7, 3),
(233, 16, 8, 4),
(234, 16, 9, 4),
(235, 16, 10, 3),
(236, 16, 11, 4),
(237, 16, 12, 4),
(238, 16, 13, 4),
(239, 16, 14, 4),
(240, 16, 15, 4),
(241, 17, 1, 4),
(242, 17, 2, 4),
(243, 17, 3, 4),
(244, 17, 4, 4),
(245, 17, 5, 4),
(246, 17, 6, 4),
(247, 17, 7, 3),
(248, 17, 8, 3),
(249, 17, 9, 4),
(250, 17, 10, 3),
(251, 17, 11, 4),
(252, 17, 12, 4),
(253, 17, 13, 4),
(254, 17, 14, 4),
(255, 17, 15, 4),
(256, 18, 1, 4),
(257, 18, 2, 4),
(258, 18, 3, 3),
(259, 18, 4, 4),
(260, 18, 5, 3),
(261, 18, 6, 4),
(262, 18, 7, 3),
(263, 18, 8, 4),
(264, 18, 9, 4),
(265, 18, 10, 3),
(266, 18, 11, 4),
(267, 18, 12, 4),
(268, 18, 13, 4),
(269, 18, 14, 4),
(270, 18, 15, 4),
(271, 19, 1, 4),
(272, 19, 2, 3),
(273, 19, 3, 3),
(274, 19, 4, 4),
(275, 19, 5, 3),
(276, 19, 6, 3),
(277, 19, 7, 3),
(278, 19, 8, 3),
(279, 19, 9, 3),
(280, 19, 10, 2),
(281, 19, 11, 4),
(282, 19, 12, 4),
(283, 19, 13, 3),
(284, 19, 14, 4),
(285, 19, 15, 3),
(286, 20, 1, 4),
(287, 20, 2, 4),
(288, 20, 3, 4),
(289, 20, 4, 4),
(290, 20, 5, 3),
(291, 20, 6, 4),
(292, 20, 7, 3),
(293, 20, 8, 4),
(294, 20, 9, 4),
(295, 20, 10, 3),
(296, 20, 11, 4),
(297, 20, 12, 4),
(298, 20, 13, 3),
(299, 20, 14, 4),
(300, 20, 15, 3),
(301, 21, 1, 4),
(302, 21, 2, 4),
(303, 21, 3, 3),
(304, 21, 4, 4),
(305, 21, 5, 3),
(306, 21, 6, 3),
(307, 21, 7, 3),
(308, 21, 8, 3),
(309, 21, 9, 3),
(310, 21, 10, 4),
(311, 21, 11, 4),
(312, 21, 12, 4),
(313, 21, 13, 3),
(314, 21, 14, 4),
(315, 21, 15, 3),
(316, 22, 1, 5),
(317, 22, 2, 4),
(318, 22, 3, 4),
(319, 22, 4, 4),
(320, 22, 5, 5),
(321, 22, 6, 4),
(322, 22, 7, 4),
(323, 22, 8, 3),
(324, 22, 9, 4),
(325, 22, 10, 3),
(326, 22, 11, 4),
(327, 22, 12, 5),
(328, 22, 13, 4),
(329, 22, 14, 4),
(330, 22, 15, 4),
(331, 23, 1, 5),
(332, 23, 2, 4),
(333, 23, 3, 4),
(334, 23, 4, 4),
(335, 23, 5, 4),
(336, 23, 6, 4),
(337, 23, 7, 5),
(338, 23, 8, 4),
(339, 23, 9, 4),
(340, 23, 10, 4),
(341, 23, 11, 4),
(342, 23, 12, 4),
(343, 23, 13, 4),
(344, 23, 14, 4),
(345, 23, 15, 3),
(346, 24, 1, 5),
(347, 24, 2, 5),
(348, 24, 3, 4),
(349, 24, 4, 5),
(350, 24, 5, 5),
(351, 24, 6, 4),
(352, 24, 7, 4),
(353, 24, 8, 5),
(354, 24, 9, 4),
(355, 24, 10, 5),
(356, 24, 11, 4),
(357, 24, 12, 5),
(358, 24, 13, 4),
(359, 24, 14, 5),
(360, 24, 15, 5),
(361, 25, 1, 5),
(362, 25, 2, 5),
(363, 25, 3, 4),
(364, 25, 4, 4),
(365, 25, 5, 4),
(366, 25, 6, 4),
(367, 25, 7, 3),
(368, 25, 8, 4),
(369, 25, 9, 4),
(370, 25, 10, 4),
(371, 25, 11, 4),
(372, 25, 12, 4),
(373, 25, 13, 4),
(374, 25, 14, 4),
(375, 25, 15, 4),
(376, 26, 1, 4),
(377, 26, 2, 4),
(378, 26, 3, 3),
(379, 26, 4, 4),
(380, 26, 5, 3),
(381, 26, 6, 4),
(382, 26, 7, 4),
(383, 26, 8, 4),
(384, 26, 9, 4),
(385, 26, 10, 4),
(386, 26, 11, 4),
(387, 26, 12, 4),
(388, 26, 13, 4),
(389, 26, 14, 4),
(390, 26, 15, 4),
(391, 27, 1, 5),
(392, 27, 2, 4),
(393, 27, 3, 3),
(394, 27, 4, 4),
(395, 27, 5, 5),
(396, 27, 6, 4),
(397, 27, 7, 4),
(398, 27, 8, 4),
(399, 27, 9, 4),
(400, 27, 10, 3),
(401, 27, 11, 4),
(402, 27, 12, 5),
(403, 27, 13, 4),
(404, 27, 14, 4),
(405, 27, 15, 4),
(406, 28, 1, 3),
(407, 28, 2, 4),
(408, 28, 3, 4),
(409, 28, 4, 4),
(410, 28, 5, 4),
(411, 28, 6, 4),
(412, 28, 7, 4),
(413, 28, 8, 3),
(414, 28, 9, 4),
(415, 28, 10, 3),
(416, 28, 11, 4),
(417, 28, 12, 4),
(418, 28, 13, 4),
(419, 28, 14, 4),
(420, 28, 15, 4),
(421, 29, 1, 4),
(422, 29, 2, 4),
(423, 29, 3, 3),
(424, 29, 4, 4),
(425, 29, 5, 3),
(426, 29, 6, 4),
(427, 29, 7, 4),
(428, 29, 8, 3),
(429, 29, 9, 4),
(430, 29, 10, 3),
(431, 29, 11, 4),
(432, 29, 12, 4),
(433, 29, 13, 4),
(434, 29, 14, 4),
(435, 29, 15, 4),
(436, 30, 1, 4),
(437, 30, 2, 4),
(438, 30, 3, 3),
(439, 30, 4, 4),
(440, 30, 5, 3),
(441, 30, 6, 4),
(442, 30, 7, 4),
(443, 30, 8, 3),
(444, 30, 9, 3),
(445, 30, 10, 4),
(446, 30, 11, 4),
(447, 30, 12, 4),
(448, 30, 13, 4),
(449, 30, 14, 4),
(450, 30, 15, 4),
(451, 31, 1, 4),
(452, 31, 2, 4),
(453, 31, 3, 3),
(454, 31, 4, 4),
(455, 31, 5, 4),
(456, 31, 6, 4),
(457, 31, 7, 4),
(458, 31, 8, 3),
(459, 31, 9, 4),
(460, 31, 10, 3),
(461, 31, 11, 4),
(462, 31, 12, 4),
(463, 31, 13, 4),
(464, 31, 14, 4),
(465, 31, 15, 4),
(466, 32, 1, 4),
(467, 32, 2, 4),
(468, 32, 3, 3),
(469, 32, 4, 4),
(470, 32, 5, 3),
(471, 32, 6, 3),
(472, 32, 7, 4),
(473, 32, 8, 3),
(474, 32, 9, 4),
(475, 32, 10, 3),
(476, 32, 11, 4),
(477, 32, 12, 4),
(478, 32, 13, 4),
(479, 32, 14, 4),
(480, 32, 15, 4),
(481, 33, 1, 4),
(482, 33, 2, 4),
(483, 33, 3, 3),
(484, 33, 4, 4),
(485, 33, 5, 4),
(486, 33, 6, 4),
(487, 33, 7, 4),
(488, 33, 8, 3),
(489, 33, 9, 3),
(490, 33, 10, 3),
(491, 33, 11, 4),
(492, 33, 12, 4),
(493, 33, 13, 4),
(494, 33, 14, 4),
(495, 33, 15, 4),
(496, 34, 1, 4),
(497, 34, 2, 4),
(498, 34, 3, 3),
(499, 34, 4, 5),
(500, 34, 5, 4),
(501, 34, 6, 4),
(502, 34, 7, 4),
(503, 34, 8, 3),
(504, 34, 9, 4),
(505, 34, 10, 3),
(506, 34, 11, 5),
(507, 34, 12, 4),
(508, 34, 13, 4),
(509, 34, 14, 4),
(510, 34, 15, 4),
(511, 35, 1, 4),
(512, 35, 2, 4),
(513, 35, 3, 3),
(514, 35, 4, 4),
(515, 35, 5, 3),
(516, 35, 6, 3),
(517, 35, 7, 4),
(518, 35, 8, 3),
(519, 35, 9, 4),
(520, 35, 10, 3),
(521, 35, 11, 4),
(522, 35, 12, 4),
(523, 35, 13, 4),
(524, 35, 14, 4),
(525, 35, 15, 4),
(526, 36, 1, 4),
(527, 36, 2, 3),
(528, 36, 3, 3),
(529, 36, 4, 4),
(530, 36, 5, 3),
(531, 36, 6, 3),
(532, 36, 7, 3),
(533, 36, 8, 3),
(534, 36, 9, 4),
(535, 36, 10, 3),
(536, 36, 11, 4),
(537, 36, 12, 4),
(538, 36, 13, 4),
(539, 36, 14, 4),
(540, 36, 15, 4),
(541, 37, 1, 4),
(542, 37, 2, 4),
(543, 37, 3, 4),
(544, 37, 4, 4),
(545, 37, 5, 4),
(546, 37, 6, 4),
(547, 37, 7, 4),
(548, 37, 8, 4),
(549, 37, 9, 4),
(550, 37, 10, 4),
(551, 37, 11, 4),
(552, 37, 12, 4),
(553, 37, 13, 3),
(554, 37, 14, 4),
(555, 37, 15, 3),
(556, 38, 1, 4),
(557, 38, 2, 4),
(558, 38, 3, 4),
(559, 38, 4, 4),
(560, 38, 5, 4),
(561, 38, 6, 4),
(562, 38, 7, 4),
(563, 38, 8, 4),
(564, 38, 9, 4),
(565, 38, 10, 4),
(566, 38, 11, 5),
(567, 38, 12, 5),
(568, 38, 13, 4),
(569, 38, 14, 4),
(570, 38, 15, 4),
(571, 39, 1, 4),
(572, 39, 2, 4),
(573, 39, 3, 3),
(574, 39, 4, 4),
(575, 39, 5, 4),
(576, 39, 6, 3),
(577, 39, 7, 4),
(578, 39, 8, 3),
(579, 39, 9, 4),
(580, 39, 10, 3),
(581, 39, 11, 4),
(582, 39, 12, 3),
(583, 39, 13, 4),
(584, 39, 14, 4),
(585, 39, 15, 4),
(586, 40, 1, 4),
(587, 40, 2, 4),
(588, 40, 3, 3),
(589, 40, 4, 4),
(590, 40, 5, 3),
(591, 40, 6, 3),
(592, 40, 7, 4),
(593, 40, 8, 3),
(594, 40, 9, 4),
(595, 40, 10, 3),
(596, 40, 11, 4),
(597, 40, 12, 3),
(598, 40, 13, 4),
(599, 40, 14, 3),
(600, 40, 15, 3),
(601, 41, 1, 4),
(602, 41, 2, 4),
(603, 41, 3, 4),
(604, 41, 4, 4),
(605, 41, 5, 4),
(606, 41, 6, 4),
(607, 41, 7, 3),
(608, 41, 8, 3),
(609, 41, 9, 4),
(610, 41, 10, 3),
(611, 41, 11, 4),
(612, 41, 12, 4),
(613, 41, 13, 4),
(614, 41, 14, 4),
(615, 41, 15, 4),
(616, 42, 1, 4),
(617, 42, 2, 2),
(618, 42, 3, 3),
(619, 42, 4, 3),
(620, 42, 5, 3),
(621, 42, 6, 3),
(622, 42, 7, 3),
(623, 42, 8, 3),
(624, 42, 9, 4),
(625, 42, 10, 3),
(626, 42, 11, 4),
(627, 42, 12, 4),
(628, 42, 13, 3),
(629, 42, 14, 3),
(630, 42, 15, 3),
(631, 43, 1, 4),
(632, 43, 2, 4),
(633, 43, 3, 4),
(634, 43, 4, 4),
(635, 43, 5, 4),
(636, 43, 6, 4),
(637, 43, 7, 3),
(638, 43, 8, 3),
(639, 43, 9, 4),
(640, 43, 10, 3),
(641, 43, 11, 4),
(642, 43, 12, 4),
(643, 43, 13, 4),
(644, 43, 14, 4),
(645, 43, 15, 4),
(646, 44, 1, 4),
(647, 44, 2, 4),
(648, 44, 3, 4),
(649, 44, 4, 4),
(650, 44, 5, 4),
(651, 44, 6, 4),
(652, 44, 7, 4),
(653, 44, 8, 3),
(654, 44, 9, 5),
(655, 44, 10, 4),
(656, 44, 11, 4),
(657, 44, 12, 4),
(658, 44, 13, 4),
(659, 44, 14, 4),
(660, 44, 15, 4),
(661, 45, 1, 3),
(662, 45, 2, 3),
(663, 45, 3, 3),
(664, 45, 4, 3),
(665, 45, 5, 3),
(666, 45, 6, 3),
(667, 45, 7, 3),
(668, 45, 8, 3),
(669, 45, 9, 4),
(670, 45, 10, 3),
(671, 45, 11, 4),
(672, 45, 12, 3),
(673, 45, 13, 3),
(674, 45, 14, 4),
(675, 45, 15, 3),
(676, 0, 0, 0),
(677, 46, 1, 4),
(678, 46, 2, 4),
(679, 46, 3, 4),
(680, 46, 4, 4),
(681, 46, 5, 4),
(682, 46, 6, 4),
(683, 46, 7, 4),
(684, 46, 8, 4),
(685, 46, 9, 4),
(686, 46, 10, 4),
(687, 46, 11, 4),
(688, 46, 12, 4),
(689, 46, 13, 4),
(690, 46, 14, 4),
(691, 46, 15, 4),
(692, 47, 1, 4),
(693, 47, 2, 4),
(694, 47, 3, 4),
(695, 47, 4, 4),
(696, 47, 5, 4),
(697, 47, 6, 4),
(698, 47, 7, 4),
(699, 47, 8, 4),
(700, 47, 9, 4),
(701, 47, 10, 4),
(702, 47, 11, 4),
(703, 47, 12, 4),
(704, 47, 13, 4),
(705, 47, 14, 4),
(706, 47, 15, 4),
(707, 48, 1, 4),
(708, 48, 2, 4),
(709, 48, 3, 4),
(710, 48, 4, 4),
(711, 48, 5, 4),
(712, 48, 6, 4),
(713, 48, 7, 4),
(714, 48, 8, 4),
(715, 48, 9, 4),
(716, 48, 10, 4),
(717, 48, 11, 4),
(718, 48, 12, 4),
(719, 48, 13, 4),
(720, 48, 14, 4),
(721, 48, 15, 4);

-- --------------------------------------------------------

--
-- Table structure for table `subkriteria_fuzzy`
--

CREATE TABLE `subkriteria_fuzzy` (
  `id_subkriteria_fuzzy` int(11) NOT NULL,
  `id_kriteria` int(11) NOT NULL,
  `nama_subkriteria` varchar(200) NOT NULL,
  `kurva` varchar(100) NOT NULL,
  `a` float DEFAULT NULL,
  `b` float DEFAULT NULL,
  `c` float DEFAULT NULL,
  `d` float DEFAULT NULL
) ENGINE=InnoDB DEFAULT CHARSET=latin1;

--
-- Dumping data for table `subkriteria_fuzzy`
--

INSERT INTO `subkriteria_fuzzy` (`id_subkriteria_fuzzy`, `id_kriteria`, `nama_subkriteria`, `kurva`, `a`, `b`, `c`, `d`) VALUES
(1, 1, 'Unsatisfactory', 'Linier Turun', 0, 1, 0, 0),
(2, 1, 'Below Standard', 'Segitiga', 1, 2, 3, 0),
(3, 1, 'Average', 'Segitiga', 2, 3, 4, 0),
(4, 1, 'Good', 'Segitiga', 3, 4, 5, 0),
(5, 1, 'Excellent', 'Linier Naik', 4, 5, 0, 0),
(169, 2, 'Unsatisfactory', 'Linier Turun', 0, 1, 0, 0),
(170, 2, 'Below Standard', 'Segitiga', 1, 2, 3, 0),
(171, 2, 'Average', 'Segitiga', 2, 3, 4, 0),
(172, 2, 'Good', 'Segitiga', 3, 4, 5, 0),
(173, 2, 'Excellent', 'Linier Naik', 4, 5, 0, 0),
(174, 3, 'Unsatisfactory', 'Linier Turun', 0, 1, 0, 0),
(175, 3, 'Below Standard', 'Segitiga', 1, 2, 3, 0),
(176, 3, 'Average', 'Segitiga', 2, 3, 4, 0),
(177, 3, 'Good', 'Segitiga', 3, 4, 5, 0),
(178, 3, 'Excellent', 'Linier Naik', 4, 5, 0, 0),
(179, 4, 'Unsatisfactory', 'Linier Turun', 0, 1, 0, 0),
(180, 4, 'Below Standard', 'Segitiga', 1, 2, 3, 0),
(181, 4, 'Average', 'Segitiga', 2, 3, 4, 0),
(182, 4, 'Good', 'Segitiga', 3, 4, 5, 0),
(183, 4, 'Excellent', 'Linier Naik', 4, 5, 0, 0),
(184, 5, 'Unsatisfactory', 'Linier Turun', 0, 1, 0, 0),
(185, 5, 'Below Standard', 'Segitiga', 1, 2, 3, 0),
(186, 5, 'Average', 'Segitiga', 2, 3, 4, 0),
(187, 5, 'Good', 'Segitiga', 3, 4, 5, 0),
(188, 5, 'Excellent', 'Linier Naik', 4, 5, 0, 0),
(189, 6, 'Unsatisfactory', 'Linier Turun', 0, 1, 0, 0),
(190, 6, 'Below Standard', 'Segitiga', 1, 2, 3, 0),
(191, 6, 'Average', 'Segitiga', 2, 3, 4, 0),
(192, 6, 'Good', 'Segitiga', 3, 4, 5, 0),
(193, 6, 'Excellent', 'Linier Naik', 4, 5, 0, 0),
(194, 7, 'Unsatisfactory', 'Linier Turun', 0, 1, 0, 0),
(195, 7, 'Below Standard', 'Segitiga', 1, 2, 3, 0),
(196, 7, 'Average', 'Segitiga', 2, 3, 4, 0),
(197, 7, 'Good', 'Segitiga', 3, 4, 5, 0),
(198, 7, 'Excellent', 'Linier Naik', 4, 5, 0, 0),
(199, 8, 'Unsatisfactory', 'Linier Turun', 0, 1, 0, 0),
(200, 8, 'Below Standard', 'Segitiga', 1, 2, 3, 0),
(201, 8, 'Average', 'Segitiga', 2, 3, 4, 0),
(202, 8, 'Good', 'Segitiga', 3, 4, 5, 0),
(203, 8, 'Excellent', 'Linier Naik', 4, 5, 0, 0),
(204, 9, 'Unsatisfactory', 'Linier Turun', 0, 1, 0, 0),
(205, 9, 'Below Standard', 'Segitiga', 1, 2, 3, 0),
(206, 9, 'Average', 'Segitiga', 2, 3, 4, 0),
(207, 9, 'Good', 'Segitiga', 3, 4, 5, 0),
(208, 9, 'Excellent', 'Linier Naik', 4, 5, 0, 0),
(210, 10, 'Unsatisfactory', 'Linier Turun', 0, 1, 0, 0),
(211, 10, 'Below Standard', 'Segitiga', 1, 2, 3, 0),
(212, 10, 'Average', 'Segitiga', 2, 3, 4, 0),
(213, 10, 'Good', 'Segitiga', 3, 4, 5, 0),
(214, 10, 'Excellent', 'Linier Naik', 4, 5, 0, 0),
(215, 11, 'Unsatisfactory', 'Linier Turun', 0, 1, 0, 0),
(216, 11, 'Below Standard', 'Segitiga', 1, 2, 3, 0),
(217, 11, 'Average', 'Segitiga', 2, 3, 4, 0),
(218, 11, 'Good', 'Segitiga', 3, 4, 5, 0),
(219, 11, 'Excellent', 'Linier Naik', 4, 5, 0, 0),
(220, 12, 'Unsatisfactory', 'Linier Turun', 0, 1, 0, 0),
(221, 12, 'Below Standard', 'Segitiga', 1, 2, 3, 0),
(222, 12, 'Average', 'Segitiga', 2, 3, 4, 0),
(223, 12, 'Good', 'Segitiga', 3, 4, 5, 0),
(224, 12, 'Excellent', 'Linier Naik', 4, 5, 0, 0),
(225, 13, 'Unsatisfactory', 'Linier Turun', 0, 1, 0, 0),
(226, 13, 'Below Standard', 'Segitiga', 1, 2, 3, 0),
(227, 13, 'Average', 'Segitiga', 2, 3, 4, 0),
(228, 13, 'Good', 'Segitiga', 3, 4, 5, 0),
(229, 13, 'Excellent', 'Linier Naik', 4, 5, 0, 0),
(230, 14, 'Unsatisfactory', 'Linier Turun', 0, 1, 0, 0),
(231, 14, 'Below Standard', 'Segitiga', 1, 2, 3, 0),
(232, 14, 'Average', 'Segitiga', 2, 3, 4, 0),
(233, 14, 'Good', 'Segitiga', 3, 4, 5, 0),
(234, 14, 'Excellent', 'Linier Naik', 4, 5, 0, 0),
(235, 15, 'Unsatisfactory', 'Linier Turun', 0, 1, 0, 0),
(236, 15, 'Below Standard', 'Segitiga', 1, 2, 3, 0),
(237, 15, 'Average', 'Segitiga', 2, 3, 4, 0),
(238, 15, 'Good', 'Segitiga', 3, 4, 5, 0),
(239, 15, 'Excellent', 'Linier Naik', 4, 5, 0, 0);

-- --------------------------------------------------------

--
-- Table structure for table `user`
--

CREATE TABLE `user` (
  `id_user` int(11) NOT NULL,
  `id_user_level` int(11) NOT NULL,
  `nama` varchar(200) NOT NULL,
  `email` varchar(100) NOT NULL,
  `username` varchar(100) NOT NULL,
  `password` varchar(100) NOT NULL
) ENGINE=InnoDB DEFAULT CHARSET=latin1;

--
-- Dumping data for table `user`
--

INSERT INTO `user` (`id_user`, `id_user_level`, `nama`, `email`, `username`, `password`) VALUES
(1, 1, 'Admin', 'admin.seminyak@thehavenhotels.com', 'admin', 'admin'),
(7, 2, 'Wayan Sukaarta', 'owner.seminyak@thehavenhotels.com', 'owner', 'owner'),
(8, 3, 'Ni Putu Maya Ruspita Dewi', 'hrm.seminyak@thehavenhotels.com', 'hrm', 'hrm'),
(10, 4, 'Ni Wayan Ari Diantini', 'fc.seminyak@thehavenhotels.com', 'hod.ag', 'hod.ag'),
(11, 4, 'Putu Budiantara', 'ce.seminyak@thehavenhotels.com', 'hod.eng', 'hod.eng'),
(12, 4, 'Ida Bagus Putu Eka Putra', 'ec.seminyak@thehavenhotels.com', 'hod.fbk', 'hod.fbk'),
(13, 4, 'I Wayan Eka Putrawan', 'arm.seminyak@thehavenhotels.com', 'hod.fbs', 'hod.fbs'),
(14, 4, 'Putu Ryan Aryadi', 'ardm.seminyak@thehavenhotels.com', 'hod.fo', 'hod.fo'),
(15, 4, 'Putu Ryan Aryadi', 'ardm.seminyak@thehavenhotels.com', 'hod.hk', 'hod.hk'),
(16, 4, 'Mia Eka Oktaviani', 'hc.seminyak@thehavenhotels.com', 'hod.hc', 'hod.hc'),
(17, 4, 'Hendra Rachman Yunan', 'ados.seminyak@thehavenhotels.com', 'hod.sm', 'hod.sm'),
(18, 5, 'I Komang Karda', '', 'AG050', 'AG050'),
(19, 5, 'I Gede Martha Gunawan', '', 'AG081', 'AG081'),
(20, 5, 'I Gede Edi Karuniawan', '', 'ENG034', 'ENG034'),
(21, 5, 'Aji Nugroho', '', 'ENG057', 'ENG057'),
(22, 5, 'I Gusti Putu Ary Sanjaya', '', 'ENG063', 'ENG063'),
(23, 5, 'I Kadek Rama Diastika', '', 'ENG067', 'ENG067'),
(24, 5, 'Gusti Komang Septian Mardiana', '', 'ENG096', 'ENG096'),
(25, 5, 'I Putu Ari Fredyana', '', 'ENG114', 'ENG114'),
(26, 5, 'Ni Komang Yuli Artati Dewi', '', 'ENG129', 'ENG129'),
(27, 5, 'Putu Suryadi Putra', '', 'FBK036', 'FBK036'),
(28, 5, 'Komang Hendra Putra', '', 'FBK042', 'FBK042'),
(29, 5, 'Agus Hendrawan', '', 'FBK061', 'FBK061'),
(30, 5, 'Putu Rai Novita Dewi', '', 'FBK097', 'FBK097'),
(31, 5, 'I Made Mertana', '', 'FBK103', 'FBK103'),
(32, 5, 'I Nyoman Pendi Hardiana', '', 'FBK104', 'FBK104'),
(33, 5, 'I Made Pardita', '', 'FBS034', 'FBS034'),
(34, 5, 'I Gusti Ngurah Sujana Putra', '', 'FBS074', 'FBS074'),
(35, 5, 'I Made Sara Winata', '', 'FBS086', 'FBS086'),
(36, 5, 'Ni Luh Ayu Suciani', '', 'FBS155', 'FBS155'),
(37, 5, 'Sindong', '', 'FBS156', 'FBS156'),
(38, 5, 'Ni Wayan Desiani', '', 'FBS157', 'FBS157'),
(39, 5, 'Sarah Puspa Saputri', '', 'FO232', 'FO232'),
(40, 5, 'I Gede Nova Iwantara', '', 'FO233', 'FO233'),
(41, 5, 'Gusti Agung Bagus Juli Artawan', '', 'FO234', 'FO234'),
(42, 5, 'I Putu Surya Wijaya', '', 'FO235', 'FO235'),
(43, 5, 'I Made Dedi Darmanta', '', 'FO237', 'FO237'),
(44, 5, 'Ni Wayan Wulan Puspita Sari', '', 'FO238', 'FO238'),
(45, 5, 'I Putu Eka Ari Saputra', '', 'FO324', 'FO324'),
(46, 5, 'I Wayan Agus Eka Juniawan', '', 'HK026', 'HK026'),
(47, 5, 'I Nyoman SUdiharta', '', 'HK034', 'HK034'),
(48, 5, 'I Wayan Yudhi Putra', '', 'HK048', 'HK048'),
(49, 5, 'I Made Wijaya Susila', '', 'HK052', 'HK052'),
(50, 5, 'I Kadek Agus Rediana', '', 'HK171', 'HK171'),
(51, 5, 'Nyoman Suardiana', '', 'HK461', 'HK461'),
(52, 5, 'I Wayan Juliarta', '', 'HK463', 'HK463'),
(53, 5, 'I Nyoman Galung', '', 'HK469', 'HK469'),
(54, 5, 'I Kadek Dharma Wijaya', '', 'HR031', 'HR031'),
(55, 5, 'Ahmad Sofi Masruri', '', 'HR032', 'HR032'),
(56, 5, 'I Putu Eka Suryantara', '', 'HR034', 'HR034'),
(57, 5, 'I Kadek Arsadana', '', 'HR037', 'HR037'),
(58, 5, 'I Made Adi Dharma Putra', '', 'HR038', 'HR038'),
(59, 5, 'I Wayan Januarta', '', 'HR039', 'HR039'),
(60, 5, 'Putu Agus Arnawa', '', 'HR040', 'HR040'),
(61, 5, 'I Rai Agus Cahya Permana', '', 'HR041', 'HR041'),
(64, 5, 'Khairil Munawar', 'security.seminyak@thehavenhotels.com', 'HR042', 'HR042');

-- --------------------------------------------------------

--
-- Table structure for table `user_level`
--

CREATE TABLE `user_level` (
  `id_user_level` int(11) NOT NULL,
  `user_level` varchar(100) NOT NULL
) ENGINE=InnoDB DEFAULT CHARSET=latin1;

--
-- Dumping data for table `user_level`
--

INSERT INTO `user_level` (`id_user_level`, `user_level`) VALUES
(1, 'Administrator'),
(2, 'Pimpinan'),
(3, 'Human Resources'),
(4, 'Kepala Departemen'),
(5, 'Karyawan');

--
-- Indexes for dumped tables
--

--
-- Indexes for table `appraisal`
--
ALTER TABLE `appraisal`
  ADD PRIMARY KEY (`id_appraisal`),
  ADD KEY `fk_karyawan` (`id_karyawan`);

--
-- Indexes for table `departemen`
--
ALTER TABLE `departemen`
  ADD PRIMARY KEY (`id_departemen`);

--
-- Indexes for table `hasil`
--
ALTER TABLE `hasil`
  ADD PRIMARY KEY (`id_hasil`),
  ADD KEY `id_alternatif` (`id_karyawan`),
  ADD KEY `id_variabel` (`id_kriteria`),
  ADD KEY `id_himpunan_fuzzy` (`id_subkriteria_fuzzy`);

--
-- Indexes for table `karyawan`
--
ALTER TABLE `karyawan`
  ADD PRIMARY KEY (`id_karyawan`);

--
-- Indexes for table `kriteria`
--
ALTER TABLE `kriteria`
  ADD PRIMARY KEY (`id_kriteria`);

--
-- Indexes for table `nilai`
--
ALTER TABLE `nilai`
  ADD PRIMARY KEY (`id_nilai`);

--
-- Indexes for table `penilaian`
--
ALTER TABLE `penilaian`
  ADD PRIMARY KEY (`id_penilaian`),
  ADD KEY `id_alternatif` (`id_karyawan`),
  ADD KEY `id_variabel` (`id_kriteria`);

--
-- Indexes for table `subkriteria_fuzzy`
--
ALTER TABLE `subkriteria_fuzzy`
  ADD PRIMARY KEY (`id_subkriteria_fuzzy`),
  ADD KEY `id_variabel` (`id_kriteria`);

--
-- Indexes for table `user`
--
ALTER TABLE `user`
  ADD PRIMARY KEY (`id_user`),
  ADD KEY `id_user_level` (`id_user_level`);

--
-- Indexes for table `user_level`
--
ALTER TABLE `user_level`
  ADD PRIMARY KEY (`id_user_level`);

--
-- AUTO_INCREMENT for dumped tables
--

--
-- AUTO_INCREMENT for table `appraisal`
--
ALTER TABLE `appraisal`
  MODIFY `id_appraisal` int(10) NOT NULL AUTO_INCREMENT, AUTO_INCREMENT=5;

--
-- AUTO_INCREMENT for table `departemen`
--
ALTER TABLE `departemen`
  MODIFY `id_departemen` int(10) NOT NULL AUTO_INCREMENT, AUTO_INCREMENT=15;

--
-- AUTO_INCREMENT for table `hasil`
--
ALTER TABLE `hasil`
  MODIFY `id_hasil` int(11) NOT NULL AUTO_INCREMENT, AUTO_INCREMENT=676;

--
-- AUTO_INCREMENT for table `kriteria`
--
ALTER TABLE `kriteria`
  MODIFY `id_kriteria` int(11) NOT NULL AUTO_INCREMENT, AUTO_INCREMENT=60;

--
-- AUTO_INCREMENT for table `nilai`
--
ALTER TABLE `nilai`
  MODIFY `id_nilai` int(11) NOT NULL AUTO_INCREMENT, AUTO_INCREMENT=42;

--
-- AUTO_INCREMENT for table `penilaian`
--
ALTER TABLE `penilaian`
  MODIFY `id_penilaian` int(11) NOT NULL AUTO_INCREMENT, AUTO_INCREMENT=722;

--
-- AUTO_INCREMENT for table `subkriteria_fuzzy`
--
ALTER TABLE `subkriteria_fuzzy`
  MODIFY `id_subkriteria_fuzzy` int(11) NOT NULL AUTO_INCREMENT, AUTO_INCREMENT=242;

--
-- AUTO_INCREMENT for table `user`
--
ALTER TABLE `user`
  MODIFY `id_user` int(11) NOT NULL AUTO_INCREMENT, AUTO_INCREMENT=66;

--
-- AUTO_INCREMENT for table `user_level`
--
ALTER TABLE `user_level`
  MODIFY `id_user_level` int(11) NOT NULL AUTO_INCREMENT, AUTO_INCREMENT=6;

--
-- Constraints for dumped tables
--

--
-- Constraints for table `appraisal`
--
ALTER TABLE `appraisal`
  ADD CONSTRAINT `fk_karyawan` FOREIGN KEY (`id_karyawan`) REFERENCES `karyawan` (`id_karyawan`) ON DELETE CASCADE ON UPDATE CASCADE;

--
-- Constraints for table `hasil`
--
ALTER TABLE `hasil`
  ADD CONSTRAINT `hasil_ibfk_1` FOREIGN KEY (`id_karyawan`) REFERENCES `karyawan` (`id_karyawan`) ON DELETE CASCADE ON UPDATE CASCADE,
  ADD CONSTRAINT `hasil_ibfk_2` FOREIGN KEY (`id_kriteria`) REFERENCES `kriteria` (`id_kriteria`) ON DELETE CASCADE ON UPDATE CASCADE,
  ADD CONSTRAINT `hasil_ibfk_3` FOREIGN KEY (`id_subkriteria_fuzzy`) REFERENCES `subkriteria_fuzzy` (`id_subkriteria_fuzzy`) ON DELETE CASCADE ON UPDATE CASCADE;

--
-- Constraints for table `subkriteria_fuzzy`
--
ALTER TABLE `subkriteria_fuzzy`
  ADD CONSTRAINT `subkriteria_fuzzy_ibfk_1` FOREIGN KEY (`id_kriteria`) REFERENCES `kriteria` (`id_kriteria`) ON DELETE CASCADE ON UPDATE CASCADE;

--
-- Constraints for table `user`
--
ALTER TABLE `user`
  ADD CONSTRAINT `user_ibfk_1` FOREIGN KEY (`id_user_level`) REFERENCES `user_level` (`id_user_level`) ON DELETE CASCADE ON UPDATE CASCADE;
COMMIT;

/*!40101 SET CHARACTER_SET_CLIENT=@OLD_CHARACTER_SET_CLIENT */;
/*!40101 SET CHARACTER_SET_RESULTS=@OLD_CHARACTER_SET_RESULTS */;
/*!40101 SET COLLATION_CONNECTION=@OLD_COLLATION_CONNECTION */;
